DateKey,Date,Day,Day_no,week,Month,Quarter,Year
20120101,2012-01-01,Sun,1,1,Jan,1,2012
20120102,2012-01-02,Mon,2,1,Jan,1,2012
20120103,2012-01-03,Tue,3,1,Jan,1,2012
20120104,2012-01-04,Wed,4,1,Jan,1,2012
20120105,2012-01-05,Thu,5,1,Jan,1,2012
20120106,2012-01-06,Fri,6,1,Jan,1,2012
20120107,2012-01-07,Sat,7,1,Jan,1,2012
20120108,2012-01-08,Sun,8,2,Jan,1,2012
20120109,2012-01-09,Mon,9,2,Jan,1,2012
20120110,2012-01-10,Tue,10,2,Jan,1,2012
20120111,2012-01-11,Wed,11,2,Jan,1,2012
20120112,2012-01-12,Thu,12,2,Jan,1,2012
20120113,2012-01-13,Fri,13,2,Jan,1,2012
20120114,2012-01-14,Sat,14,2,Jan,1,2012
20120115,2012-01-15,Sun,15,3,Jan,1,2012
20120116,2012-01-16,Mon,16,3,Jan,1,2012
20120117,2012-01-17,Tue,17,3,Jan,1,2012
20120118,2012-01-18,Wed,18,3,Jan,1,2012
20120119,2012-01-19,Thu,19,3,Jan,1,2012
20120120,2012-01-20,Fri,20,3,Jan,1,2012
20120121,2012-01-21,Sat,21,3,Jan,1,2012
20120122,2012-01-22,Sun,22,4,Jan,1,2012
20120123,2012-01-23,Mon,23,4,Jan,1,2012
20120124,2012-01-24,Tue,24,4,Jan,1,2012
20120125,2012-01-25,Wed,25,4,Jan,1,2012
20120126,2012-01-26,Thu,26,4,Jan,1,2012
20120127,2012-01-27,Fri,27,4,Jan,1,2012
20120128,2012-01-28,Sat,28,4,Jan,1,2012
20120129,2012-01-29,Sun,29,5,Jan,1,2012
20120130,2012-01-30,Mon,30,5,Jan,1,2012
20120131,2012-01-31,Tue,31,5,Jan,1,2012
20120201,2012-02-01,Wed,1,5,Feb,1,2012
20120202,2012-02-02,Thu,2,5,Feb,1,2012
20120203,2012-02-03,Fri,3,5,Feb,1,2012
20120204,2012-02-04,Sat,4,5,Feb,1,2012
20120205,2012-02-05,Sun,5,6,Feb,1,2012
20120206,2012-02-06,Mon,6,6,Feb,1,2012
20120207,2012-02-07,Tue,7,6,Feb,1,2012
20120208,2012-02-08,Wed,8,6,Feb,1,2012
20120209,2012-02-09,Thu,9,6,Feb,1,2012
20120210,2012-02-10,Fri,10,6,Feb,1,2012
20120211,2012-02-11,Sat,11,6,Feb,1,2012
20120212,2012-02-12,Sun,12,7,Feb,1,2012
20120213,2012-02-13,Mon,13,7,Feb,1,2012
20120214,2012-02-14,Tue,14,7,Feb,1,2012
20120215,2012-02-15,Wed,15,7,Feb,1,2012
20120216,2012-02-16,Thu,16,7,Feb,1,2012
20120217,2012-02-17,Fri,17,7,Feb,1,2012
20120218,2012-02-18,Sat,18,7,Feb,1,2012
20120219,2012-02-19,Sun,19,8,Feb,1,2012
20120220,2012-02-20,Mon,20,8,Feb,1,2012
20120221,2012-02-21,Tue,21,8,Feb,1,2012
20120222,2012-02-22,Wed,22,8,Feb,1,2012
20120223,2012-02-23,Thu,23,8,Feb,1,2012
20120224,2012-02-24,Fri,24,8,Feb,1,2012
20120225,2012-02-25,Sat,25,8,Feb,1,2012
20120226,2012-02-26,Sun,26,9,Feb,1,2012
20120227,2012-02-27,Mon,27,9,Feb,1,2012
20120228,2012-02-28,Tue,28,9,Feb,1,2012
20120229,2012-02-29,Wed,29,9,Feb,1,2012
20120301,2012-03-01,Thu,1,9,Mar,1,2012
20120302,2012-03-02,Fri,2,9,Mar,1,2012
20120303,2012-03-03,Sat,3,9,Mar,1,2012
20120304,2012-03-04,Sun,4,10,Mar,1,2012
20120305,2012-03-05,Mon,5,10,Mar,1,2012
20120306,2012-03-06,Tue,6,10,Mar,1,2012
20120307,2012-03-07,Wed,7,10,Mar,1,2012
20120308,2012-03-08,Thu,8,10,Mar,1,2012
20120309,2012-03-09,Fri,9,10,Mar,1,2012
20120310,2012-03-10,Sat,10,10,Mar,1,2012
20120311,2012-03-11,Sun,11,11,Mar,1,2012
20120312,2012-03-12,Mon,12,11,Mar,1,2012
20120313,2012-03-13,Tue,13,11,Mar,1,2012
20120314,2012-03-14,Wed,14,11,Mar,1,2012
20120315,2012-03-15,Thu,15,11,Mar,1,2012
20120316,2012-03-16,Fri,16,11,Mar,1,2012
20120317,2012-03-17,Sat,17,11,Mar,1,2012
20120318,2012-03-18,Sun,18,12,Mar,1,2012
20120319,2012-03-19,Mon,19,12,Mar,1,2012
20120320,2012-03-20,Tue,20,12,Mar,1,2012
20120321,2012-03-21,Wed,21,12,Mar,1,2012
20120322,2012-03-22,Thu,22,12,Mar,1,2012
20120323,2012-03-23,Fri,23,12,Mar,1,2012
20120324,2012-03-24,Sat,24,12,Mar,1,2012
20120325,2012-03-25,Sun,25,13,Mar,1,2012
20120326,2012-03-26,Mon,26,13,Mar,1,2012
20120327,2012-03-27,Tue,27,13,Mar,1,2012
20120328,2012-03-28,Wed,28,13,Mar,1,2012
20120329,2012-03-29,Thu,29,13,Mar,1,2012
20120330,2012-03-30,Fri,30,13,Mar,1,2012
20120331,2012-03-31,Sat,31,13,Mar,1,2012
20120401,2012-04-01,Sun,1,14,Apr,2,2012
20120402,2012-04-02,Mon,2,14,Apr,2,2012
20120403,2012-04-03,Tue,3,14,Apr,2,2012
20120404,2012-04-04,Wed,4,14,Apr,2,2012
20120405,2012-04-05,Thu,5,14,Apr,2,2012
20120406,2012-04-06,Fri,6,14,Apr,2,2012
20120407,2012-04-07,Sat,7,14,Apr,2,2012
20120408,2012-04-08,Sun,8,15,Apr,2,2012
20120409,2012-04-09,Mon,9,15,Apr,2,2012
20120410,2012-04-10,Tue,10,15,Apr,2,2012
20120411,2012-04-11,Wed,11,15,Apr,2,2012
20120412,2012-04-12,Thu,12,15,Apr,2,2012
20120413,2012-04-13,Fri,13,15,Apr,2,2012
20120414,2012-04-14,Sat,14,15,Apr,2,2012
20120415,2012-04-15,Sun,15,16,Apr,2,2012
20120416,2012-04-16,Mon,16,16,Apr,2,2012
20120417,2012-04-17,Tue,17,16,Apr,2,2012
20120418,2012-04-18,Wed,18,16,Apr,2,2012
20120419,2012-04-19,Thu,19,16,Apr,2,2012
20120420,2012-04-20,Fri,20,16,Apr,2,2012
20120421,2012-04-21,Sat,21,16,Apr,2,2012
20120422,2012-04-22,Sun,22,17,Apr,2,2012
20120423,2012-04-23,Mon,23,17,Apr,2,2012
20120424,2012-04-24,Tue,24,17,Apr,2,2012
20120425,2012-04-25,Wed,25,17,Apr,2,2012
20120426,2012-04-26,Thu,26,17,Apr,2,2012
20120427,2012-04-27,Fri,27,17,Apr,2,2012
20120428,2012-04-28,Sat,28,17,Apr,2,2012
20120429,2012-04-29,Sun,29,18,Apr,2,2012
20120430,2012-04-30,Mon,30,18,Apr,2,2012
20120501,2012-05-01,Tue,1,18,May,2,2012
20120502,2012-05-02,Wed,2,18,May,2,2012
20120503,2012-05-03,Thu,3,18,May,2,2012
20120504,2012-05-04,Fri,4,18,May,2,2012
20120505,2012-05-05,Sat,5,18,May,2,2012
20120506,2012-05-06,Sun,6,19,May,2,2012
20120507,2012-05-07,Mon,7,19,May,2,2012
20120508,2012-05-08,Tue,8,19,May,2,2012
20120509,2012-05-09,Wed,9,19,May,2,2012
20120510,2012-05-10,Thu,10,19,May,2,2012
20120511,2012-05-11,Fri,11,19,May,2,2012
20120512,2012-05-12,Sat,12,19,May,2,2012
20120513,2012-05-13,Sun,13,20,May,2,2012
20120514,2012-05-14,Mon,14,20,May,2,2012
20120515,2012-05-15,Tue,15,20,May,2,2012
20120516,2012-05-16,Wed,16,20,May,2,2012
20120517,2012-05-17,Thu,17,20,May,2,2012
20120518,2012-05-18,Fri,18,20,May,2,2012
20120519,2012-05-19,Sat,19,20,May,2,2012
20120520,2012-05-20,Sun,20,21,May,2,2012
20120521,2012-05-21,Mon,21,21,May,2,2012
20120522,2012-05-22,Tue,22,21,May,2,2012
20120523,2012-05-23,Wed,23,21,May,2,2012
20120524,2012-05-24,Thu,24,21,May,2,2012
20120525,2012-05-25,Fri,25,21,May,2,2012
20120526,2012-05-26,Sat,26,21,May,2,2012
20120527,2012-05-27,Sun,27,22,May,2,2012
20120528,2012-05-28,Mon,28,22,May,2,2012
20120529,2012-05-29,Tue,29,22,May,2,2012
20120530,2012-05-30,Wed,30,22,May,2,2012
20120531,2012-05-31,Thu,31,22,May,2,2012
20120601,2012-06-01,Fri,1,22,Jun,2,2012
20120602,2012-06-02,Sat,2,22,Jun,2,2012
20120603,2012-06-03,Sun,3,23,Jun,2,2012
20120604,2012-06-04,Mon,4,23,Jun,2,2012
20120605,2012-06-05,Tue,5,23,Jun,2,2012
20120606,2012-06-06,Wed,6,23,Jun,2,2012
20120607,2012-06-07,Thu,7,23,Jun,2,2012
20120608,2012-06-08,Fri,8,23,Jun,2,2012
20120609,2012-06-09,Sat,9,23,Jun,2,2012
20120610,2012-06-10,Sun,10,24,Jun,2,2012
20120611,2012-06-11,Mon,11,24,Jun,2,2012
20120612,2012-06-12,Tue,12,24,Jun,2,2012
20120613,2012-06-13,Wed,13,24,Jun,2,2012
20120614,2012-06-14,Thu,14,24,Jun,2,2012
20120615,2012-06-15,Fri,15,24,Jun,2,2012
20120616,2012-06-16,Sat,16,24,Jun,2,2012
20120617,2012-06-17,Sun,17,25,Jun,2,2012
20120618,2012-06-18,Mon,18,25,Jun,2,2012
20120619,2012-06-19,Tue,19,25,Jun,2,2012
20120620,2012-06-20,Wed,20,25,Jun,2,2012
20120621,2012-06-21,Thu,21,25,Jun,2,2012
20120622,2012-06-22,Fri,22,25,Jun,2,2012
20120623,2012-06-23,Sat,23,25,Jun,2,2012
20120624,2012-06-24,Sun,24,26,Jun,2,2012
20120625,2012-06-25,Mon,25,26,Jun,2,2012
20120626,2012-06-26,Tue,26,26,Jun,2,2012
20120627,2012-06-27,Wed,27,26,Jun,2,2012
20120628,2012-06-28,Thu,28,26,Jun,2,2012
20120629,2012-06-29,Fri,29,26,Jun,2,2012
20120630,2012-06-30,Sat,30,26,Jun,2,2012
20120701,2012-07-01,Sun,1,27,Jul,3,2012
20120702,2012-07-02,Mon,2,27,Jul,3,2012
20120703,2012-07-03,Tue,3,27,Jul,3,2012
20120704,2012-07-04,Wed,4,27,Jul,3,2012
20120705,2012-07-05,Thu,5,27,Jul,3,2012
20120706,2012-07-06,Fri,6,27,Jul,3,2012
20120707,2012-07-07,Sat,7,27,Jul,3,2012
20120708,2012-07-08,Sun,8,28,Jul,3,2012
20120709,2012-07-09,Mon,9,28,Jul,3,2012
20120710,2012-07-10,Tue,10,28,Jul,3,2012
20120711,2012-07-11,Wed,11,28,Jul,3,2012
20120712,2012-07-12,Thu,12,28,Jul,3,2012
20120713,2012-07-13,Fri,13,28,Jul,3,2012
20120714,2012-07-14,Sat,14,28,Jul,3,2012
20120715,2012-07-15,Sun,15,29,Jul,3,2012
20120716,2012-07-16,Mon,16,29,Jul,3,2012
20120717,2012-07-17,Tue,17,29,Jul,3,2012
20120718,2012-07-18,Wed,18,29,Jul,3,2012
20120719,2012-07-19,Thu,19,29,Jul,3,2012
20120720,2012-07-20,Fri,20,29,Jul,3,2012
20120721,2012-07-21,Sat,21,29,Jul,3,2012
20120722,2012-07-22,Sun,22,30,Jul,3,2012
20120723,2012-07-23,Mon,23,30,Jul,3,2012
20120724,2012-07-24,Tue,24,30,Jul,3,2012
20120725,2012-07-25,Wed,25,30,Jul,3,2012
20120726,2012-07-26,Thu,26,30,Jul,3,2012
20120727,2012-07-27,Fri,27,30,Jul,3,2012
20120728,2012-07-28,Sat,28,30,Jul,3,2012
20120729,2012-07-29,Sun,29,31,Jul,3,2012
20120730,2012-07-30,Mon,30,31,Jul,3,2012
20120731,2012-07-31,Tue,31,31,Jul,3,2012
20120801,2012-08-01,Wed,1,31,Aug,3,2012
20120802,2012-08-02,Thu,2,31,Aug,3,2012
20120803,2012-08-03,Fri,3,31,Aug,3,2012
20120804,2012-08-04,Sat,4,31,Aug,3,2012
20120805,2012-08-05,Sun,5,32,Aug,3,2012
20120806,2012-08-06,Mon,6,32,Aug,3,2012
20120807,2012-08-07,Tue,7,32,Aug,3,2012
20120808,2012-08-08,Wed,8,32,Aug,3,2012
20120809,2012-08-09,Thu,9,32,Aug,3,2012
20120810,2012-08-10,Fri,10,32,Aug,3,2012
20120811,2012-08-11,Sat,11,32,Aug,3,2012
20120812,2012-08-12,Sun,12,33,Aug,3,2012
20120813,2012-08-13,Mon,13,33,Aug,3,2012
20120814,2012-08-14,Tue,14,33,Aug,3,2012
20120815,2012-08-15,Wed,15,33,Aug,3,2012
20120816,2012-08-16,Thu,16,33,Aug,3,2012
20120817,2012-08-17,Fri,17,33,Aug,3,2012
20120818,2012-08-18,Sat,18,33,Aug,3,2012
20120819,2012-08-19,Sun,19,34,Aug,3,2012
20120820,2012-08-20,Mon,20,34,Aug,3,2012
20120821,2012-08-21,Tue,21,34,Aug,3,2012
20120822,2012-08-22,Wed,22,34,Aug,3,2012
20120823,2012-08-23,Thu,23,34,Aug,3,2012
20120824,2012-08-24,Fri,24,34,Aug,3,2012
20120825,2012-08-25,Sat,25,34,Aug,3,2012
20120826,2012-08-26,Sun,26,35,Aug,3,2012
20120827,2012-08-27,Mon,27,35,Aug,3,2012
20120828,2012-08-28,Tue,28,35,Aug,3,2012
20120829,2012-08-29,Wed,29,35,Aug,3,2012
20120830,2012-08-30,Thu,30,35,Aug,3,2012
20120831,2012-08-31,Fri,31,35,Aug,3,2012
20120901,2012-09-01,Sat,1,35,Sep,3,2012
20120902,2012-09-02,Sun,2,36,Sep,3,2012
20120903,2012-09-03,Mon,3,36,Sep,3,2012
20120904,2012-09-04,Tue,4,36,Sep,3,2012
20120905,2012-09-05,Wed,5,36,Sep,3,2012
20120906,2012-09-06,Thu,6,36,Sep,3,2012
20120907,2012-09-07,Fri,7,36,Sep,3,2012
20120908,2012-09-08,Sat,8,36,Sep,3,2012
20120909,2012-09-09,Sun,9,37,Sep,3,2012
20120910,2012-09-10,Mon,10,37,Sep,3,2012
20120911,2012-09-11,Tue,11,37,Sep,3,2012
20120912,2012-09-12,Wed,12,37,Sep,3,2012
20120913,2012-09-13,Thu,13,37,Sep,3,2012
20120914,2012-09-14,Fri,14,37,Sep,3,2012
20120915,2012-09-15,Sat,15,37,Sep,3,2012
20120916,2012-09-16,Sun,16,38,Sep,3,2012
20120917,2012-09-17,Mon,17,38,Sep,3,2012
20120918,2012-09-18,Tue,18,38,Sep,3,2012
20120919,2012-09-19,Wed,19,38,Sep,3,2012
20120920,2012-09-20,Thu,20,38,Sep,3,2012
20120921,2012-09-21,Fri,21,38,Sep,3,2012
20120922,2012-09-22,Sat,22,38,Sep,3,2012
20120923,2012-09-23,Sun,23,39,Sep,3,2012
20120924,2012-09-24,Mon,24,39,Sep,3,2012
20120925,2012-09-25,Tue,25,39,Sep,3,2012
20120926,2012-09-26,Wed,26,39,Sep,3,2012
20120927,2012-09-27,Thu,27,39,Sep,3,2012
20120928,2012-09-28,Fri,28,39,Sep,3,2012
20120929,2012-09-29,Sat,29,39,Sep,3,2012
20120930,2012-09-30,Sun,30,40,Sep,3,2012
20121001,2012-10-01,Mon,1,40,Oct,4,2012
20121002,2012-10-02,Tue,2,40,Oct,4,2012
20121003,2012-10-03,Wed,3,40,Oct,4,2012
20121004,2012-10-04,Thu,4,40,Oct,4,2012
20121005,2012-10-05,Fri,5,40,Oct,4,2012
20121006,2012-10-06,Sat,6,40,Oct,4,2012
20121007,2012-10-07,Sun,7,41,Oct,4,2012
20121008,2012-10-08,Mon,8,41,Oct,4,2012
20121009,2012-10-09,Tue,9,41,Oct,4,2012
20121010,2012-10-10,Wed,10,41,Oct,4,2012
20121011,2012-10-11,Thu,11,41,Oct,4,2012
20121012,2012-10-12,Fri,12,41,Oct,4,2012
20121013,2012-10-13,Sat,13,41,Oct,4,2012
20121014,2012-10-14,Sun,14,42,Oct,4,2012
20121015,2012-10-15,Mon,15,42,Oct,4,2012
20121016,2012-10-16,Tue,16,42,Oct,4,2012
20121017,2012-10-17,Wed,17,42,Oct,4,2012
20121018,2012-10-18,Thu,18,42,Oct,4,2012
20121019,2012-10-19,Fri,19,42,Oct,4,2012
20121020,2012-10-20,Sat,20,42,Oct,4,2012
20121021,2012-10-21,Sun,21,43,Oct,4,2012
20121022,2012-10-22,Mon,22,43,Oct,4,2012
20121023,2012-10-23,Tue,23,43,Oct,4,2012
20121024,2012-10-24,Wed,24,43,Oct,4,2012
20121025,2012-10-25,Thu,25,43,Oct,4,2012
20121026,2012-10-26,Fri,26,43,Oct,4,2012
20121027,2012-10-27,Sat,27,43,Oct,4,2012
20121028,2012-10-28,Sun,28,44,Oct,4,2012
20121029,2012-10-29,Mon,29,44,Oct,4,2012
20121030,2012-10-30,Tue,30,44,Oct,4,2012
20121031,2012-10-31,Wed,31,44,Oct,4,2012
20121101,2012-11-01,Thu,1,44,Nov,4,2012
20121102,2012-11-02,Fri,2,44,Nov,4,2012
20121103,2012-11-03,Sat,3,44,Nov,4,2012
20121104,2012-11-04,Sun,4,45,Nov,4,2012
20121105,2012-11-05,Mon,5,45,Nov,4,2012
20121106,2012-11-06,Tue,6,45,Nov,4,2012
20121107,2012-11-07,Wed,7,45,Nov,4,2012
20121108,2012-11-08,Thu,8,45,Nov,4,2012
20121109,2012-11-09,Fri,9,45,Nov,4,2012
20121110,2012-11-10,Sat,10,45,Nov,4,2012
20121111,2012-11-11,Sun,11,46,Nov,4,2012
20121112,2012-11-12,Mon,12,46,Nov,4,2012
20121113,2012-11-13,Tue,13,46,Nov,4,2012
20121114,2012-11-14,Wed,14,46,Nov,4,2012
20121115,2012-11-15,Thu,15,46,Nov,4,2012
20121116,2012-11-16,Fri,16,46,Nov,4,2012
20121117,2012-11-17,Sat,17,46,Nov,4,2012
20121118,2012-11-18,Sun,18,47,Nov,4,2012
20121119,2012-11-19,Mon,19,47,Nov,4,2012
20121120,2012-11-20,Tue,20,47,Nov,4,2012
20121121,2012-11-21,Wed,21,47,Nov,4,2012
20121122,2012-11-22,Thu,22,47,Nov,4,2012
20121123,2012-11-23,Fri,23,47,Nov,4,2012
20121124,2012-11-24,Sat,24,47,Nov,4,2012
20121125,2012-11-25,Sun,25,48,Nov,4,2012
20121126,2012-11-26,Mon,26,48,Nov,4,2012
20121127,2012-11-27,Tue,27,48,Nov,4,2012
20121128,2012-11-28,Wed,28,48,Nov,4,2012
20121129,2012-11-29,Thu,29,48,Nov,4,2012
20121130,2012-11-30,Fri,30,48,Nov,4,2012
20121201,2012-12-01,Sat,1,48,Dec,4,2012
20121202,2012-12-02,Sun,2,49,Dec,4,2012
20121203,2012-12-03,Mon,3,49,Dec,4,2012
20121204,2012-12-04,Tue,4,49,Dec,4,2012
20121205,2012-12-05,Wed,5,49,Dec,4,2012
20121206,2012-12-06,Thu,6,49,Dec,4,2012
20121207,2012-12-07,Fri,7,49,Dec,4,2012
20121208,2012-12-08,Sat,8,49,Dec,4,2012
20121209,2012-12-09,Sun,9,50,Dec,4,2012
20121210,2012-12-10,Mon,10,50,Dec,4,2012
20121211,2012-12-11,Tue,11,50,Dec,4,2012
20121212,2012-12-12,Wed,12,50,Dec,4,2012
20121213,2012-12-13,Thu,13,50,Dec,4,2012
20121214,2012-12-14,Fri,14,50,Dec,4,2012
20121215,2012-12-15,Sat,15,50,Dec,4,2012
20121216,2012-12-16,Sun,16,51,Dec,4,2012
20121217,2012-12-17,Mon,17,51,Dec,4,2012
20121218,2012-12-18,Tue,18,51,Dec,4,2012
20121219,2012-12-19,Wed,19,51,Dec,4,2012
20121220,2012-12-20,Thu,20,51,Dec,4,2012
20121221,2012-12-21,Fri,21,51,Dec,4,2012
20121222,2012-12-22,Sat,22,51,Dec,4,2012
20121223,2012-12-23,Sun,23,52,Dec,4,2012
20121224,2012-12-24,Mon,24,52,Dec,4,2012
20121225,2012-12-25,Tue,25,52,Dec,4,2012
20121226,2012-12-26,Wed,26,52,Dec,4,2012
20121227,2012-12-27,Thu,27,52,Dec,4,2012
20121228,2012-12-28,Fri,28,52,Dec,4,2012
20121229,2012-12-29,Sat,29,52,Dec,4,2012
20121230,2012-12-30,Sun,30,53,Dec,4,2012
20121231,2012-12-31,Mon,31,53,Dec,4,2012
20130101,2013-01-01,Tue,1,1,Jan,1,2013
20130102,2013-01-02,Wed,2,1,Jan,1,2013
20130103,2013-01-03,Thu,3,1,Jan,1,2013
20130104,2013-01-04,Fri,4,1,Jan,1,2013
20130105,2013-01-05,Sat,5,1,Jan,1,2013
20130106,2013-01-06,Sun,6,2,Jan,1,2013
20130107,2013-01-07,Mon,7,2,Jan,1,2013
20130108,2013-01-08,Tue,8,2,Jan,1,2013
20130109,2013-01-09,Wed,9,2,Jan,1,2013
20130110,2013-01-10,Thu,10,2,Jan,1,2013
20130111,2013-01-11,Fri,11,2,Jan,1,2013
20130112,2013-01-12,Sat,12,2,Jan,1,2013
20130113,2013-01-13,Sun,13,3,Jan,1,2013
20130114,2013-01-14,Mon,14,3,Jan,1,2013
20130115,2013-01-15,Tue,15,3,Jan,1,2013
20130116,2013-01-16,Wed,16,3,Jan,1,2013
20130117,2013-01-17,Thu,17,3,Jan,1,2013
20130118,2013-01-18,Fri,18,3,Jan,1,2013
20130119,2013-01-19,Sat,19,3,Jan,1,2013
20130120,2013-01-20,Sun,20,4,Jan,1,2013
20130121,2013-01-21,Mon,21,4,Jan,1,2013
20130122,2013-01-22,Tue,22,4,Jan,1,2013
20130123,2013-01-23,Wed,23,4,Jan,1,2013
20130124,2013-01-24,Thu,24,4,Jan,1,2013
20130125,2013-01-25,Fri,25,4,Jan,1,2013
20130126,2013-01-26,Sat,26,4,Jan,1,2013
20130127,2013-01-27,Sun,27,5,Jan,1,2013
20130128,2013-01-28,Mon,28,5,Jan,1,2013
20130129,2013-01-29,Tue,29,5,Jan,1,2013
20130130,2013-01-30,Wed,30,5,Jan,1,2013
20130131,2013-01-31,Thu,31,5,Jan,1,2013
20130201,2013-02-01,Fri,1,5,Feb,1,2013
20130202,2013-02-02,Sat,2,5,Feb,1,2013
20130203,2013-02-03,Sun,3,6,Feb,1,2013
20130204,2013-02-04,Mon,4,6,Feb,1,2013
20130205,2013-02-05,Tue,5,6,Feb,1,2013
20130206,2013-02-06,Wed,6,6,Feb,1,2013
20130207,2013-02-07,Thu,7,6,Feb,1,2013
20130208,2013-02-08,Fri,8,6,Feb,1,2013
20130209,2013-02-09,Sat,9,6,Feb,1,2013
20130210,2013-02-10,Sun,10,7,Feb,1,2013
20130211,2013-02-11,Mon,11,7,Feb,1,2013
20130212,2013-02-12,Tue,12,7,Feb,1,2013
20130213,2013-02-13,Wed,13,7,Feb,1,2013
20130214,2013-02-14,Thu,14,7,Feb,1,2013
20130215,2013-02-15,Fri,15,7,Feb,1,2013
20130216,2013-02-16,Sat,16,7,Feb,1,2013
20130217,2013-02-17,Sun,17,8,Feb,1,2013
20130218,2013-02-18,Mon,18,8,Feb,1,2013
20130219,2013-02-19,Tue,19,8,Feb,1,2013
20130220,2013-02-20,Wed,20,8,Feb,1,2013
20130221,2013-02-21,Thu,21,8,Feb,1,2013
20130222,2013-02-22,Fri,22,8,Feb,1,2013
20130223,2013-02-23,Sat,23,8,Feb,1,2013
20130224,2013-02-24,Sun,24,9,Feb,1,2013
20130225,2013-02-25,Mon,25,9,Feb,1,2013
20130226,2013-02-26,Tue,26,9,Feb,1,2013
20130227,2013-02-27,Wed,27,9,Feb,1,2013
20130228,2013-02-28,Thu,28,9,Feb,1,2013
20130301,2013-03-01,Fri,1,9,Mar,1,2013
20130302,2013-03-02,Sat,2,9,Mar,1,2013
20130303,2013-03-03,Sun,3,10,Mar,1,2013
20130304,2013-03-04,Mon,4,10,Mar,1,2013
20130305,2013-03-05,Tue,5,10,Mar,1,2013
20130306,2013-03-06,Wed,6,10,Mar,1,2013
20130307,2013-03-07,Thu,7,10,Mar,1,2013
20130308,2013-03-08,Fri,8,10,Mar,1,2013
20130309,2013-03-09,Sat,9,10,Mar,1,2013
20130310,2013-03-10,Sun,10,11,Mar,1,2013
20130311,2013-03-11,Mon,11,11,Mar,1,2013
20130312,2013-03-12,Tue,12,11,Mar,1,2013
20130313,2013-03-13,Wed,13,11,Mar,1,2013
20130314,2013-03-14,Thu,14,11,Mar,1,2013
20130315,2013-03-15,Fri,15,11,Mar,1,2013
20130316,2013-03-16,Sat,16,11,Mar,1,2013
20130317,2013-03-17,Sun,17,12,Mar,1,2013
20130318,2013-03-18,Mon,18,12,Mar,1,2013
20130319,2013-03-19,Tue,19,12,Mar,1,2013
20130320,2013-03-20,Wed,20,12,Mar,1,2013
20130321,2013-03-21,Thu,21,12,Mar,1,2013
20130322,2013-03-22,Fri,22,12,Mar,1,2013
20130323,2013-03-23,Sat,23,12,Mar,1,2013
20130324,2013-03-24,Sun,24,13,Mar,1,2013
20130325,2013-03-25,Mon,25,13,Mar,1,2013
20130326,2013-03-26,Tue,26,13,Mar,1,2013
20130327,2013-03-27,Wed,27,13,Mar,1,2013
20130328,2013-03-28,Thu,28,13,Mar,1,2013
20130329,2013-03-29,Fri,29,13,Mar,1,2013
20130330,2013-03-30,Sat,30,13,Mar,1,2013
20130331,2013-03-31,Sun,31,14,Mar,1,2013
20130401,2013-04-01,Mon,1,14,Apr,2,2013
20130402,2013-04-02,Tue,2,14,Apr,2,2013
20130403,2013-04-03,Wed,3,14,Apr,2,2013
20130404,2013-04-04,Thu,4,14,Apr,2,2013
20130405,2013-04-05,Fri,5,14,Apr,2,2013
20130406,2013-04-06,Sat,6,14,Apr,2,2013
20130407,2013-04-07,Sun,7,15,Apr,2,2013
20130408,2013-04-08,Mon,8,15,Apr,2,2013
20130409,2013-04-09,Tue,9,15,Apr,2,2013
20130410,2013-04-10,Wed,10,15,Apr,2,2013
20130411,2013-04-11,Thu,11,15,Apr,2,2013
20130412,2013-04-12,Fri,12,15,Apr,2,2013
20130413,2013-04-13,Sat,13,15,Apr,2,2013
20130414,2013-04-14,Sun,14,16,Apr,2,2013
20130415,2013-04-15,Mon,15,16,Apr,2,2013
20130416,2013-04-16,Tue,16,16,Apr,2,2013
20130417,2013-04-17,Wed,17,16,Apr,2,2013
20130418,2013-04-18,Thu,18,16,Apr,2,2013
20130419,2013-04-19,Fri,19,16,Apr,2,2013
20130420,2013-04-20,Sat,20,16,Apr,2,2013
20130421,2013-04-21,Sun,21,17,Apr,2,2013
20130422,2013-04-22,Mon,22,17,Apr,2,2013
20130423,2013-04-23,Tue,23,17,Apr,2,2013
20130424,2013-04-24,Wed,24,17,Apr,2,2013
20130425,2013-04-25,Thu,25,17,Apr,2,2013
20130426,2013-04-26,Fri,26,17,Apr,2,2013
20130427,2013-04-27,Sat,27,17,Apr,2,2013
20130428,2013-04-28,Sun,28,18,Apr,2,2013
20130429,2013-04-29,Mon,29,18,Apr,2,2013
20130430,2013-04-30,Tue,30,18,Apr,2,2013
20130501,2013-05-01,Wed,1,18,May,2,2013
20130502,2013-05-02,Thu,2,18,May,2,2013
20130503,2013-05-03,Fri,3,18,May,2,2013
20130504,2013-05-04,Sat,4,18,May,2,2013
20130505,2013-05-05,Sun,5,19,May,2,2013
20130506,2013-05-06,Mon,6,19,May,2,2013
20130507,2013-05-07,Tue,7,19,May,2,2013
20130508,2013-05-08,Wed,8,19,May,2,2013
20130509,2013-05-09,Thu,9,19,May,2,2013
20130510,2013-05-10,Fri,10,19,May,2,2013
20130511,2013-05-11,Sat,11,19,May,2,2013
20130512,2013-05-12,Sun,12,20,May,2,2013
20130513,2013-05-13,Mon,13,20,May,2,2013
20130514,2013-05-14,Tue,14,20,May,2,2013
20130515,2013-05-15,Wed,15,20,May,2,2013
20130516,2013-05-16,Thu,16,20,May,2,2013
20130517,2013-05-17,Fri,17,20,May,2,2013
20130518,2013-05-18,Sat,18,20,May,2,2013
20130519,2013-05-19,Sun,19,21,May,2,2013
20130520,2013-05-20,Mon,20,21,May,2,2013
20130521,2013-05-21,Tue,21,21,May,2,2013
20130522,2013-05-22,Wed,22,21,May,2,2013
20130523,2013-05-23,Thu,23,21,May,2,2013
20130524,2013-05-24,Fri,24,21,May,2,2013
20130525,2013-05-25,Sat,25,21,May,2,2013
20130526,2013-05-26,Sun,26,22,May,2,2013
20130527,2013-05-27,Mon,27,22,May,2,2013
20130528,2013-05-28,Tue,28,22,May,2,2013
20130529,2013-05-29,Wed,29,22,May,2,2013
20130530,2013-05-30,Thu,30,22,May,2,2013
20130531,2013-05-31,Fri,31,22,May,2,2013
20130601,2013-06-01,Sat,1,22,Jun,2,2013
20130602,2013-06-02,Sun,2,23,Jun,2,2013
20130603,2013-06-03,Mon,3,23,Jun,2,2013
20130604,2013-06-04,Tue,4,23,Jun,2,2013
20130605,2013-06-05,Wed,5,23,Jun,2,2013
20130606,2013-06-06,Thu,6,23,Jun,2,2013
20130607,2013-06-07,Fri,7,23,Jun,2,2013
20130608,2013-06-08,Sat,8,23,Jun,2,2013
20130609,2013-06-09,Sun,9,24,Jun,2,2013
20130610,2013-06-10,Mon,10,24,Jun,2,2013
20130611,2013-06-11,Tue,11,24,Jun,2,2013
20130612,2013-06-12,Wed,12,24,Jun,2,2013
20130613,2013-06-13,Thu,13,24,Jun,2,2013
20130614,2013-06-14,Fri,14,24,Jun,2,2013
20130615,2013-06-15,Sat,15,24,Jun,2,2013
20130616,2013-06-16,Sun,16,25,Jun,2,2013
20130617,2013-06-17,Mon,17,25,Jun,2,2013
20130618,2013-06-18,Tue,18,25,Jun,2,2013
20130619,2013-06-19,Wed,19,25,Jun,2,2013
20130620,2013-06-20,Thu,20,25,Jun,2,2013
20130621,2013-06-21,Fri,21,25,Jun,2,2013
20130622,2013-06-22,Sat,22,25,Jun,2,2013
20130623,2013-06-23,Sun,23,26,Jun,2,2013
20130624,2013-06-24,Mon,24,26,Jun,2,2013
20130625,2013-06-25,Tue,25,26,Jun,2,2013
20130626,2013-06-26,Wed,26,26,Jun,2,2013
20130627,2013-06-27,Thu,27,26,Jun,2,2013
20130628,2013-06-28,Fri,28,26,Jun,2,2013
20130629,2013-06-29,Sat,29,26,Jun,2,2013
20130630,2013-06-30,Sun,30,27,Jun,2,2013
20130701,2013-07-01,Mon,1,27,Jul,3,2013
20130702,2013-07-02,Tue,2,27,Jul,3,2013
20130703,2013-07-03,Wed,3,27,Jul,3,2013
20130704,2013-07-04,Thu,4,27,Jul,3,2013
20130705,2013-07-05,Fri,5,27,Jul,3,2013
20130706,2013-07-06,Sat,6,27,Jul,3,2013
20130707,2013-07-07,Sun,7,28,Jul,3,2013
20130708,2013-07-08,Mon,8,28,Jul,3,2013
20130709,2013-07-09,Tue,9,28,Jul,3,2013
20130710,2013-07-10,Wed,10,28,Jul,3,2013
20130711,2013-07-11,Thu,11,28,Jul,3,2013
20130712,2013-07-12,Fri,12,28,Jul,3,2013
20130713,2013-07-13,Sat,13,28,Jul,3,2013
20130714,2013-07-14,Sun,14,29,Jul,3,2013
20130715,2013-07-15,Mon,15,29,Jul,3,2013
20130716,2013-07-16,Tue,16,29,Jul,3,2013
20130717,2013-07-17,Wed,17,29,Jul,3,2013
20130718,2013-07-18,Thu,18,29,Jul,3,2013
20130719,2013-07-19,Fri,19,29,Jul,3,2013
20130720,2013-07-20,Sat,20,29,Jul,3,2013
20130721,2013-07-21,Sun,21,30,Jul,3,2013
20130722,2013-07-22,Mon,22,30,Jul,3,2013
20130723,2013-07-23,Tue,23,30,Jul,3,2013
20130724,2013-07-24,Wed,24,30,Jul,3,2013
20130725,2013-07-25,Thu,25,30,Jul,3,2013
20130726,2013-07-26,Fri,26,30,Jul,3,2013
20130727,2013-07-27,Sat,27,30,Jul,3,2013
20130728,2013-07-28,Sun,28,31,Jul,3,2013
20130729,2013-07-29,Mon,29,31,Jul,3,2013
20130730,2013-07-30,Tue,30,31,Jul,3,2013
20130731,2013-07-31,Wed,31,31,Jul,3,2013
20130801,2013-08-01,Thu,1,31,Aug,3,2013
20130802,2013-08-02,Fri,2,31,Aug,3,2013
20130803,2013-08-03,Sat,3,31,Aug,3,2013
20130804,2013-08-04,Sun,4,32,Aug,3,2013
20130805,2013-08-05,Mon,5,32,Aug,3,2013
20130806,2013-08-06,Tue,6,32,Aug,3,2013
20130807,2013-08-07,Wed,7,32,Aug,3,2013
20130808,2013-08-08,Thu,8,32,Aug,3,2013
20130809,2013-08-09,Fri,9,32,Aug,3,2013
20130810,2013-08-10,Sat,10,32,Aug,3,2013
20130811,2013-08-11,Sun,11,33,Aug,3,2013
20130812,2013-08-12,Mon,12,33,Aug,3,2013
20130813,2013-08-13,Tue,13,33,Aug,3,2013
20130814,2013-08-14,Wed,14,33,Aug,3,2013
20130815,2013-08-15,Thu,15,33,Aug,3,2013
20130816,2013-08-16,Fri,16,33,Aug,3,2013
20130817,2013-08-17,Sat,17,33,Aug,3,2013
20130818,2013-08-18,Sun,18,34,Aug,3,2013
20130819,2013-08-19,Mon,19,34,Aug,3,2013
20130820,2013-08-20,Tue,20,34,Aug,3,2013
20130821,2013-08-21,Wed,21,34,Aug,3,2013
20130822,2013-08-22,Thu,22,34,Aug,3,2013
20130823,2013-08-23,Fri,23,34,Aug,3,2013
20130824,2013-08-24,Sat,24,34,Aug,3,2013
20130825,2013-08-25,Sun,25,35,Aug,3,2013
20130826,2013-08-26,Mon,26,35,Aug,3,2013
20130827,2013-08-27,Tue,27,35,Aug,3,2013
20130828,2013-08-28,Wed,28,35,Aug,3,2013
20130829,2013-08-29,Thu,29,35,Aug,3,2013
20130830,2013-08-30,Fri,30,35,Aug,3,2013
20130831,2013-08-31,Sat,31,35,Aug,3,2013
20130901,2013-09-01,Sun,1,36,Sep,3,2013
20130902,2013-09-02,Mon,2,36,Sep,3,2013
20130903,2013-09-03,Tue,3,36,Sep,3,2013
20130904,2013-09-04,Wed,4,36,Sep,3,2013
20130905,2013-09-05,Thu,5,36,Sep,3,2013
20130906,2013-09-06,Fri,6,36,Sep,3,2013
20130907,2013-09-07,Sat,7,36,Sep,3,2013
20130908,2013-09-08,Sun,8,37,Sep,3,2013
20130909,2013-09-09,Mon,9,37,Sep,3,2013
20130910,2013-09-10,Tue,10,37,Sep,3,2013
20130911,2013-09-11,Wed,11,37,Sep,3,2013
20130912,2013-09-12,Thu,12,37,Sep,3,2013
20130913,2013-09-13,Fri,13,37,Sep,3,2013
20130914,2013-09-14,Sat,14,37,Sep,3,2013
20130915,2013-09-15,Sun,15,38,Sep,3,2013
20130916,2013-09-16,Mon,16,38,Sep,3,2013
20130917,2013-09-17,Tue,17,38,Sep,3,2013
20130918,2013-09-18,Wed,18,38,Sep,3,2013
20130919,2013-09-19,Thu,19,38,Sep,3,2013
20130920,2013-09-20,Fri,20,38,Sep,3,2013
20130921,2013-09-21,Sat,21,38,Sep,3,2013
20130922,2013-09-22,Sun,22,39,Sep,3,2013
20130923,2013-09-23,Mon,23,39,Sep,3,2013
20130924,2013-09-24,Tue,24,39,Sep,3,2013
20130925,2013-09-25,Wed,25,39,Sep,3,2013
20130926,2013-09-26,Thu,26,39,Sep,3,2013
20130927,2013-09-27,Fri,27,39,Sep,3,2013
20130928,2013-09-28,Sat,28,39,Sep,3,2013
20130929,2013-09-29,Sun,29,40,Sep,3,2013
20130930,2013-09-30,Mon,30,40,Sep,3,2013
20131001,2013-10-01,Tue,1,40,Oct,4,2013
20131002,2013-10-02,Wed,2,40,Oct,4,2013
20131003,2013-10-03,Thu,3,40,Oct,4,2013
20131004,2013-10-04,Fri,4,40,Oct,4,2013
20131005,2013-10-05,Sat,5,40,Oct,4,2013
20131006,2013-10-06,Sun,6,41,Oct,4,2013
20131007,2013-10-07,Mon,7,41,Oct,4,2013
20131008,2013-10-08,Tue,8,41,Oct,4,2013
20131009,2013-10-09,Wed,9,41,Oct,4,2013
20131010,2013-10-10,Thu,10,41,Oct,4,2013
20131011,2013-10-11,Fri,11,41,Oct,4,2013
20131012,2013-10-12,Sat,12,41,Oct,4,2013
20131013,2013-10-13,Sun,13,42,Oct,4,2013
20131014,2013-10-14,Mon,14,42,Oct,4,2013
20131015,2013-10-15,Tue,15,42,Oct,4,2013
20131016,2013-10-16,Wed,16,42,Oct,4,2013
20131017,2013-10-17,Thu,17,42,Oct,4,2013
20131018,2013-10-18,Fri,18,42,Oct,4,2013
20131019,2013-10-19,Sat,19,42,Oct,4,2013
20131020,2013-10-20,Sun,20,43,Oct,4,2013
20131021,2013-10-21,Mon,21,43,Oct,4,2013
20131022,2013-10-22,Tue,22,43,Oct,4,2013
20131023,2013-10-23,Wed,23,43,Oct,4,2013
20131024,2013-10-24,Thu,24,43,Oct,4,2013
20131025,2013-10-25,Fri,25,43,Oct,4,2013
20131026,2013-10-26,Sat,26,43,Oct,4,2013
20131027,2013-10-27,Sun,27,44,Oct,4,2013
20131028,2013-10-28,Mon,28,44,Oct,4,2013
20131029,2013-10-29,Tue,29,44,Oct,4,2013
20131030,2013-10-30,Wed,30,44,Oct,4,2013
20131031,2013-10-31,Thu,31,44,Oct,4,2013
20131101,2013-11-01,Fri,1,44,Nov,4,2013
20131102,2013-11-02,Sat,2,44,Nov,4,2013
20131103,2013-11-03,Sun,3,45,Nov,4,2013
20131104,2013-11-04,Mon,4,45,Nov,4,2013
20131105,2013-11-05,Tue,5,45,Nov,4,2013
20131106,2013-11-06,Wed,6,45,Nov,4,2013
20131107,2013-11-07,Thu,7,45,Nov,4,2013
20131108,2013-11-08,Fri,8,45,Nov,4,2013
20131109,2013-11-09,Sat,9,45,Nov,4,2013
20131110,2013-11-10,Sun,10,46,Nov,4,2013
20131111,2013-11-11,Mon,11,46,Nov,4,2013
20131112,2013-11-12,Tue,12,46,Nov,4,2013
20131113,2013-11-13,Wed,13,46,Nov,4,2013
20131114,2013-11-14,Thu,14,46,Nov,4,2013
20131115,2013-11-15,Fri,15,46,Nov,4,2013
20131116,2013-11-16,Sat,16,46,Nov,4,2013
20131117,2013-11-17,Sun,17,47,Nov,4,2013
20131118,2013-11-18,Mon,18,47,Nov,4,2013
20131119,2013-11-19,Tue,19,47,Nov,4,2013
20131120,2013-11-20,Wed,20,47,Nov,4,2013
20131121,2013-11-21,Thu,21,47,Nov,4,2013
20131122,2013-11-22,Fri,22,47,Nov,4,2013
20131123,2013-11-23,Sat,23,47,Nov,4,2013
20131124,2013-11-24,Sun,24,48,Nov,4,2013
20131125,2013-11-25,Mon,25,48,Nov,4,2013
20131126,2013-11-26,Tue,26,48,Nov,4,2013
20131127,2013-11-27,Wed,27,48,Nov,4,2013
20131128,2013-11-28,Thu,28,48,Nov,4,2013
20131129,2013-11-29,Fri,29,48,Nov,4,2013
20131130,2013-11-30,Sat,30,48,Nov,4,2013
20131201,2013-12-01,Sun,1,49,Dec,4,2013
20131202,2013-12-02,Mon,2,49,Dec,4,2013
20131203,2013-12-03,Tue,3,49,Dec,4,2013
20131204,2013-12-04,Wed,4,49,Dec,4,2013
20131205,2013-12-05,Thu,5,49,Dec,4,2013
20131206,2013-12-06,Fri,6,49,Dec,4,2013
20131207,2013-12-07,Sat,7,49,Dec,4,2013
20131208,2013-12-08,Sun,8,50,Dec,4,2013
20131209,2013-12-09,Mon,9,50,Dec,4,2013
20131210,2013-12-10,Tue,10,50,Dec,4,2013
20131211,2013-12-11,Wed,11,50,Dec,4,2013
20131212,2013-12-12,Thu,12,50,Dec,4,2013
20131213,2013-12-13,Fri,13,50,Dec,4,2013
20131214,2013-12-14,Sat,14,50,Dec,4,2013
20131215,2013-12-15,Sun,15,51,Dec,4,2013
20131216,2013-12-16,Mon,16,51,Dec,4,2013
20131217,2013-12-17,Tue,17,51,Dec,4,2013
20131218,2013-12-18,Wed,18,51,Dec,4,2013
20131219,2013-12-19,Thu,19,51,Dec,4,2013
20131220,2013-12-20,Fri,20,51,Dec,4,2013
20131221,2013-12-21,Sat,21,51,Dec,4,2013
20131222,2013-12-22,Sun,22,52,Dec,4,2013
20131223,2013-12-23,Mon,23,52,Dec,4,2013
20131224,2013-12-24,Tue,24,52,Dec,4,2013
20131225,2013-12-25,Wed,25,52,Dec,4,2013
20131226,2013-12-26,Thu,26,52,Dec,4,2013
20131227,2013-12-27,Fri,27,52,Dec,4,2013
20131228,2013-12-28,Sat,28,52,Dec,4,2013
20131229,2013-12-29,Sun,29,53,Dec,4,2013
20131230,2013-12-30,Mon,30,53,Dec,4,2013
20131231,2013-12-31,Tue,31,53,Dec,4,2013
20140101,2014-01-01,Wed,1,1,Jan,1,2014
20140102,2014-01-02,Thu,2,1,Jan,1,2014
20140103,2014-01-03,Fri,3,1,Jan,1,2014
20140104,2014-01-04,Sat,4,1,Jan,1,2014
20140105,2014-01-05,Sun,5,2,Jan,1,2014
20140106,2014-01-06,Mon,6,2,Jan,1,2014
20140107,2014-01-07,Tue,7,2,Jan,1,2014
20140108,2014-01-08,Wed,8,2,Jan,1,2014
20140109,2014-01-09,Thu,9,2,Jan,1,2014
20140110,2014-01-10,Fri,10,2,Jan,1,2014
20140111,2014-01-11,Sat,11,2,Jan,1,2014
20140112,2014-01-12,Sun,12,3,Jan,1,2014
20140113,2014-01-13,Mon,13,3,Jan,1,2014
20140114,2014-01-14,Tue,14,3,Jan,1,2014
20140115,2014-01-15,Wed,15,3,Jan,1,2014
20140116,2014-01-16,Thu,16,3,Jan,1,2014
20140117,2014-01-17,Fri,17,3,Jan,1,2014
20140118,2014-01-18,Sat,18,3,Jan,1,2014
20140119,2014-01-19,Sun,19,4,Jan,1,2014
20140120,2014-01-20,Mon,20,4,Jan,1,2014
20140121,2014-01-21,Tue,21,4,Jan,1,2014
20140122,2014-01-22,Wed,22,4,Jan,1,2014
20140123,2014-01-23,Thu,23,4,Jan,1,2014
20140124,2014-01-24,Fri,24,4,Jan,1,2014
20140125,2014-01-25,Sat,25,4,Jan,1,2014
20140126,2014-01-26,Sun,26,5,Jan,1,2014
20140127,2014-01-27,Mon,27,5,Jan,1,2014
20140128,2014-01-28,Tue,28,5,Jan,1,2014
20140129,2014-01-29,Wed,29,5,Jan,1,2014
20140130,2014-01-30,Thu,30,5,Jan,1,2014
20140131,2014-01-31,Fri,31,5,Jan,1,2014
20140201,2014-02-01,Sat,1,5,Feb,1,2014
20140202,2014-02-02,Sun,2,6,Feb,1,2014
20140203,2014-02-03,Mon,3,6,Feb,1,2014
20140204,2014-02-04,Tue,4,6,Feb,1,2014
20140205,2014-02-05,Wed,5,6,Feb,1,2014
20140206,2014-02-06,Thu,6,6,Feb,1,2014
20140207,2014-02-07,Fri,7,6,Feb,1,2014
20140208,2014-02-08,Sat,8,6,Feb,1,2014
20140209,2014-02-09,Sun,9,7,Feb,1,2014
20140210,2014-02-10,Mon,10,7,Feb,1,2014
20140211,2014-02-11,Tue,11,7,Feb,1,2014
20140212,2014-02-12,Wed,12,7,Feb,1,2014
20140213,2014-02-13,Thu,13,7,Feb,1,2014
20140214,2014-02-14,Fri,14,7,Feb,1,2014
20140215,2014-02-15,Sat,15,7,Feb,1,2014
20140216,2014-02-16,Sun,16,8,Feb,1,2014
20140217,2014-02-17,Mon,17,8,Feb,1,2014
20140218,2014-02-18,Tue,18,8,Feb,1,2014
20140219,2014-02-19,Wed,19,8,Feb,1,2014
20140220,2014-02-20,Thu,20,8,Feb,1,2014
20140221,2014-02-21,Fri,21,8,Feb,1,2014
20140222,2014-02-22,Sat,22,8,Feb,1,2014
20140223,2014-02-23,Sun,23,9,Feb,1,2014
20140224,2014-02-24,Mon,24,9,Feb,1,2014
20140225,2014-02-25,Tue,25,9,Feb,1,2014
20140226,2014-02-26,Wed,26,9,Feb,1,2014
20140227,2014-02-27,Thu,27,9,Feb,1,2014
20140228,2014-02-28,Fri,28,9,Feb,1,2014
20140301,2014-03-01,Sat,1,9,Mar,1,2014
20140302,2014-03-02,Sun,2,10,Mar,1,2014
20140303,2014-03-03,Mon,3,10,Mar,1,2014
20140304,2014-03-04,Tue,4,10,Mar,1,2014
20140305,2014-03-05,Wed,5,10,Mar,1,2014
20140306,2014-03-06,Thu,6,10,Mar,1,2014
20140307,2014-03-07,Fri,7,10,Mar,1,2014
20140308,2014-03-08,Sat,8,10,Mar,1,2014
20140309,2014-03-09,Sun,9,11,Mar,1,2014
20140310,2014-03-10,Mon,10,11,Mar,1,2014
20140311,2014-03-11,Tue,11,11,Mar,1,2014
20140312,2014-03-12,Wed,12,11,Mar,1,2014
20140313,2014-03-13,Thu,13,11,Mar,1,2014
20140314,2014-03-14,Fri,14,11,Mar,1,2014
20140315,2014-03-15,Sat,15,11,Mar,1,2014
20140316,2014-03-16,Sun,16,12,Mar,1,2014
20140317,2014-03-17,Mon,17,12,Mar,1,2014
20140318,2014-03-18,Tue,18,12,Mar,1,2014
20140319,2014-03-19,Wed,19,12,Mar,1,2014
20140320,2014-03-20,Thu,20,12,Mar,1,2014
20140321,2014-03-21,Fri,21,12,Mar,1,2014
20140322,2014-03-22,Sat,22,12,Mar,1,2014
20140323,2014-03-23,Sun,23,13,Mar,1,2014
20140324,2014-03-24,Mon,24,13,Mar,1,2014
20140325,2014-03-25,Tue,25,13,Mar,1,2014
20140326,2014-03-26,Wed,26,13,Mar,1,2014
20140327,2014-03-27,Thu,27,13,Mar,1,2014
20140328,2014-03-28,Fri,28,13,Mar,1,2014
20140329,2014-03-29,Sat,29,13,Mar,1,2014
20140330,2014-03-30,Sun,30,14,Mar,1,2014
20140331,2014-03-31,Mon,31,14,Mar,1,2014
20140401,2014-04-01,Tue,1,14,Apr,2,2014
20140402,2014-04-02,Wed,2,14,Apr,2,2014
20140403,2014-04-03,Thu,3,14,Apr,2,2014
20140404,2014-04-04,Fri,4,14,Apr,2,2014
20140405,2014-04-05,Sat,5,14,Apr,2,2014
20140406,2014-04-06,Sun,6,15,Apr,2,2014
20140407,2014-04-07,Mon,7,15,Apr,2,2014
20140408,2014-04-08,Tue,8,15,Apr,2,2014
20140409,2014-04-09,Wed,9,15,Apr,2,2014
20140410,2014-04-10,Thu,10,15,Apr,2,2014
20140411,2014-04-11,Fri,11,15,Apr,2,2014
20140412,2014-04-12,Sat,12,15,Apr,2,2014
20140413,2014-04-13,Sun,13,16,Apr,2,2014
20140414,2014-04-14,Mon,14,16,Apr,2,2014
20140415,2014-04-15,Tue,15,16,Apr,2,2014
20140416,2014-04-16,Wed,16,16,Apr,2,2014
20140417,2014-04-17,Thu,17,16,Apr,2,2014
20140418,2014-04-18,Fri,18,16,Apr,2,2014
20140419,2014-04-19,Sat,19,16,Apr,2,2014
20140420,2014-04-20,Sun,20,17,Apr,2,2014
20140421,2014-04-21,Mon,21,17,Apr,2,2014
20140422,2014-04-22,Tue,22,17,Apr,2,2014
20140423,2014-04-23,Wed,23,17,Apr,2,2014
20140424,2014-04-24,Thu,24,17,Apr,2,2014
20140425,2014-04-25,Fri,25,17,Apr,2,2014
20140426,2014-04-26,Sat,26,17,Apr,2,2014
20140427,2014-04-27,Sun,27,18,Apr,2,2014
20140428,2014-04-28,Mon,28,18,Apr,2,2014
20140429,2014-04-29,Tue,29,18,Apr,2,2014
20140430,2014-04-30,Wed,30,18,Apr,2,2014
20140501,2014-05-01,Thu,1,18,May,2,2014
20140502,2014-05-02,Fri,2,18,May,2,2014
20140503,2014-05-03,Sat,3,18,May,2,2014
20140504,2014-05-04,Sun,4,19,May,2,2014
20140505,2014-05-05,Mon,5,19,May,2,2014
20140506,2014-05-06,Tue,6,19,May,2,2014
20140507,2014-05-07,Wed,7,19,May,2,2014
20140508,2014-05-08,Thu,8,19,May,2,2014
20140509,2014-05-09,Fri,9,19,May,2,2014
20140510,2014-05-10,Sat,10,19,May,2,2014
20140511,2014-05-11,Sun,11,20,May,2,2014
20140512,2014-05-12,Mon,12,20,May,2,2014
20140513,2014-05-13,Tue,13,20,May,2,2014
20140514,2014-05-14,Wed,14,20,May,2,2014
20140515,2014-05-15,Thu,15,20,May,2,2014
20140516,2014-05-16,Fri,16,20,May,2,2014
20140517,2014-05-17,Sat,17,20,May,2,2014
20140518,2014-05-18,Sun,18,21,May,2,2014
20140519,2014-05-19,Mon,19,21,May,2,2014
20140520,2014-05-20,Tue,20,21,May,2,2014
20140521,2014-05-21,Wed,21,21,May,2,2014
20140522,2014-05-22,Thu,22,21,May,2,2014
20140523,2014-05-23,Fri,23,21,May,2,2014
20140524,2014-05-24,Sat,24,21,May,2,2014
20140525,2014-05-25,Sun,25,22,May,2,2014
20140526,2014-05-26,Mon,26,22,May,2,2014
20140527,2014-05-27,Tue,27,22,May,2,2014
20140528,2014-05-28,Wed,28,22,May,2,2014
20140529,2014-05-29,Thu,29,22,May,2,2014
20140530,2014-05-30,Fri,30,22,May,2,2014
20140531,2014-05-31,Sat,31,22,May,2,2014
20140601,2014-06-01,Sun,1,23,Jun,2,2014
20140602,2014-06-02,Mon,2,23,Jun,2,2014
20140603,2014-06-03,Tue,3,23,Jun,2,2014
20140604,2014-06-04,Wed,4,23,Jun,2,2014
20140605,2014-06-05,Thu,5,23,Jun,2,2014
20140606,2014-06-06,Fri,6,23,Jun,2,2014
20140607,2014-06-07,Sat,7,23,Jun,2,2014
20140608,2014-06-08,Sun,8,24,Jun,2,2014
20140609,2014-06-09,Mon,9,24,Jun,2,2014
20140610,2014-06-10,Tue,10,24,Jun,2,2014
20140611,2014-06-11,Wed,11,24,Jun,2,2014
20140612,2014-06-12,Thu,12,24,Jun,2,2014
20140613,2014-06-13,Fri,13,24,Jun,2,2014
20140614,2014-06-14,Sat,14,24,Jun,2,2014
20140615,2014-06-15,Sun,15,25,Jun,2,2014
20140616,2014-06-16,Mon,16,25,Jun,2,2014
20140617,2014-06-17,Tue,17,25,Jun,2,2014
20140618,2014-06-18,Wed,18,25,Jun,2,2014
20140619,2014-06-19,Thu,19,25,Jun,2,2014
20140620,2014-06-20,Fri,20,25,Jun,2,2014
20140621,2014-06-21,Sat,21,25,Jun,2,2014
20140622,2014-06-22,Sun,22,26,Jun,2,2014
20140623,2014-06-23,Mon,23,26,Jun,2,2014
20140624,2014-06-24,Tue,24,26,Jun,2,2014
20140625,2014-06-25,Wed,25,26,Jun,2,2014
20140626,2014-06-26,Thu,26,26,Jun,2,2014
20140627,2014-06-27,Fri,27,26,Jun,2,2014
20140628,2014-06-28,Sat,28,26,Jun,2,2014
20140629,2014-06-29,Sun,29,27,Jun,2,2014
20140630,2014-06-30,Mon,30,27,Jun,2,2014
20140701,2014-07-01,Tue,1,27,Jul,3,2014
20140702,2014-07-02,Wed,2,27,Jul,3,2014
20140703,2014-07-03,Thu,3,27,Jul,3,2014
20140704,2014-07-04,Fri,4,27,Jul,3,2014
20140705,2014-07-05,Sat,5,27,Jul,3,2014
20140706,2014-07-06,Sun,6,28,Jul,3,2014
20140707,2014-07-07,Mon,7,28,Jul,3,2014
20140708,2014-07-08,Tue,8,28,Jul,3,2014
20140709,2014-07-09,Wed,9,28,Jul,3,2014
20140710,2014-07-10,Thu,10,28,Jul,3,2014
20140711,2014-07-11,Fri,11,28,Jul,3,2014
20140712,2014-07-12,Sat,12,28,Jul,3,2014
20140713,2014-07-13,Sun,13,29,Jul,3,2014
20140714,2014-07-14,Mon,14,29,Jul,3,2014
20140715,2014-07-15,Tue,15,29,Jul,3,2014
20140716,2014-07-16,Wed,16,29,Jul,3,2014
20140717,2014-07-17,Thu,17,29,Jul,3,2014
20140718,2014-07-18,Fri,18,29,Jul,3,2014
20140719,2014-07-19,Sat,19,29,Jul,3,2014
20140720,2014-07-20,Sun,20,30,Jul,3,2014
20140721,2014-07-21,Mon,21,30,Jul,3,2014
20140722,2014-07-22,Tue,22,30,Jul,3,2014
20140723,2014-07-23,Wed,23,30,Jul,3,2014
20140724,2014-07-24,Thu,24,30,Jul,3,2014
20140725,2014-07-25,Fri,25,30,Jul,3,2014
20140726,2014-07-26,Sat,26,30,Jul,3,2014
20140727,2014-07-27,Sun,27,31,Jul,3,2014
20140728,2014-07-28,Mon,28,31,Jul,3,2014
20140729,2014-07-29,Tue,29,31,Jul,3,2014
20140730,2014-07-30,Wed,30,31,Jul,3,2014
20140731,2014-07-31,Thu,31,31,Jul,3,2014
20140801,2014-08-01,Fri,1,31,Aug,3,2014
20140802,2014-08-02,Sat,2,31,Aug,3,2014
20140803,2014-08-03,Sun,3,32,Aug,3,2014
20140804,2014-08-04,Mon,4,32,Aug,3,2014
20140805,2014-08-05,Tue,5,32,Aug,3,2014
20140806,2014-08-06,Wed,6,32,Aug,3,2014
20140807,2014-08-07,Thu,7,32,Aug,3,2014
20140808,2014-08-08,Fri,8,32,Aug,3,2014
20140809,2014-08-09,Sat,9,32,Aug,3,2014
20140810,2014-08-10,Sun,10,33,Aug,3,2014
20140811,2014-08-11,Mon,11,33,Aug,3,2014
20140812,2014-08-12,Tue,12,33,Aug,3,2014
20140813,2014-08-13,Wed,13,33,Aug,3,2014
20140814,2014-08-14,Thu,14,33,Aug,3,2014
20140815,2014-08-15,Fri,15,33,Aug,3,2014
20140816,2014-08-16,Sat,16,33,Aug,3,2014
20140817,2014-08-17,Sun,17,34,Aug,3,2014
20140818,2014-08-18,Mon,18,34,Aug,3,2014
20140819,2014-08-19,Tue,19,34,Aug,3,2014
20140820,2014-08-20,Wed,20,34,Aug,3,2014
20140821,2014-08-21,Thu,21,34,Aug,3,2014
20140822,2014-08-22,Fri,22,34,Aug,3,2014
20140823,2014-08-23,Sat,23,34,Aug,3,2014
20140824,2014-08-24,Sun,24,35,Aug,3,2014
20140825,2014-08-25,Mon,25,35,Aug,3,2014
20140826,2014-08-26,Tue,26,35,Aug,3,2014
20140827,2014-08-27,Wed,27,35,Aug,3,2014
20140828,2014-08-28,Thu,28,35,Aug,3,2014
20140829,2014-08-29,Fri,29,35,Aug,3,2014
20140830,2014-08-30,Sat,30,35,Aug,3,2014
20140831,2014-08-31,Sun,31,36,Aug,3,2014
20140901,2014-09-01,Mon,1,36,Sep,3,2014
20140902,2014-09-02,Tue,2,36,Sep,3,2014
20140903,2014-09-03,Wed,3,36,Sep,3,2014
20140904,2014-09-04,Thu,4,36,Sep,3,2014
20140905,2014-09-05,Fri,5,36,Sep,3,2014
20140906,2014-09-06,Sat,6,36,Sep,3,2014
20140907,2014-09-07,Sun,7,37,Sep,3,2014
20140908,2014-09-08,Mon,8,37,Sep,3,2014
20140909,2014-09-09,Tue,9,37,Sep,3,2014
20140910,2014-09-10,Wed,10,37,Sep,3,2014
20140911,2014-09-11,Thu,11,37,Sep,3,2014
20140912,2014-09-12,Fri,12,37,Sep,3,2014
20140913,2014-09-13,Sat,13,37,Sep,3,2014
20140914,2014-09-14,Sun,14,38,Sep,3,2014
20140915,2014-09-15,Mon,15,38,Sep,3,2014
20140916,2014-09-16,Tue,16,38,Sep,3,2014
20140917,2014-09-17,Wed,17,38,Sep,3,2014
20140918,2014-09-18,Thu,18,38,Sep,3,2014
20140919,2014-09-19,Fri,19,38,Sep,3,2014
20140920,2014-09-20,Sat,20,38,Sep,3,2014
20140921,2014-09-21,Sun,21,39,Sep,3,2014
20140922,2014-09-22,Mon,22,39,Sep,3,2014
20140923,2014-09-23,Tue,23,39,Sep,3,2014
20140924,2014-09-24,Wed,24,39,Sep,3,2014
20140925,2014-09-25,Thu,25,39,Sep,3,2014
20140926,2014-09-26,Fri,26,39,Sep,3,2014
20140927,2014-09-27,Sat,27,39,Sep,3,2014
20140928,2014-09-28,Sun,28,40,Sep,3,2014
20140929,2014-09-29,Mon,29,40,Sep,3,2014
20140930,2014-09-30,Tue,30,40,Sep,3,2014
20141001,2014-10-01,Wed,1,40,Oct,4,2014
20141002,2014-10-02,Thu,2,40,Oct,4,2014
20141003,2014-10-03,Fri,3,40,Oct,4,2014
20141004,2014-10-04,Sat,4,40,Oct,4,2014
20141005,2014-10-05,Sun,5,41,Oct,4,2014
20141006,2014-10-06,Mon,6,41,Oct,4,2014
20141007,2014-10-07,Tue,7,41,Oct,4,2014
20141008,2014-10-08,Wed,8,41,Oct,4,2014
20141009,2014-10-09,Thu,9,41,Oct,4,2014
20141010,2014-10-10,Fri,10,41,Oct,4,2014
20141011,2014-10-11,Sat,11,41,Oct,4,2014
20141012,2014-10-12,Sun,12,42,Oct,4,2014
20141013,2014-10-13,Mon,13,42,Oct,4,2014
20141014,2014-10-14,Tue,14,42,Oct,4,2014
20141015,2014-10-15,Wed,15,42,Oct,4,2014
20141016,2014-10-16,Thu,16,42,Oct,4,2014
20141017,2014-10-17,Fri,17,42,Oct,4,2014
20141018,2014-10-18,Sat,18,42,Oct,4,2014
20141019,2014-10-19,Sun,19,43,Oct,4,2014
20141020,2014-10-20,Mon,20,43,Oct,4,2014
20141021,2014-10-21,Tue,21,43,Oct,4,2014
20141022,2014-10-22,Wed,22,43,Oct,4,2014
20141023,2014-10-23,Thu,23,43,Oct,4,2014
20141024,2014-10-24,Fri,24,43,Oct,4,2014
20141025,2014-10-25,Sat,25,43,Oct,4,2014
20141026,2014-10-26,Sun,26,44,Oct,4,2014
20141027,2014-10-27,Mon,27,44,Oct,4,2014
20141028,2014-10-28,Tue,28,44,Oct,4,2014
20141029,2014-10-29,Wed,29,44,Oct,4,2014
20141030,2014-10-30,Thu,30,44,Oct,4,2014
20141031,2014-10-31,Fri,31,44,Oct,4,2014
20141101,2014-11-01,Sat,1,44,Nov,4,2014
20141102,2014-11-02,Sun,2,45,Nov,4,2014
20141103,2014-11-03,Mon,3,45,Nov,4,2014
20141104,2014-11-04,Tue,4,45,Nov,4,2014
20141105,2014-11-05,Wed,5,45,Nov,4,2014
20141106,2014-11-06,Thu,6,45,Nov,4,2014
20141107,2014-11-07,Fri,7,45,Nov,4,2014
20141108,2014-11-08,Sat,8,45,Nov,4,2014
20141109,2014-11-09,Sun,9,46,Nov,4,2014
20141110,2014-11-10,Mon,10,46,Nov,4,2014
20141111,2014-11-11,Tue,11,46,Nov,4,2014
20141112,2014-11-12,Wed,12,46,Nov,4,2014
20141113,2014-11-13,Thu,13,46,Nov,4,2014
20141114,2014-11-14,Fri,14,46,Nov,4,2014
20141115,2014-11-15,Sat,15,46,Nov,4,2014
20141116,2014-11-16,Sun,16,47,Nov,4,2014
20141117,2014-11-17,Mon,17,47,Nov,4,2014
20141118,2014-11-18,Tue,18,47,Nov,4,2014
20141119,2014-11-19,Wed,19,47,Nov,4,2014
20141120,2014-11-20,Thu,20,47,Nov,4,2014
20141121,2014-11-21,Fri,21,47,Nov,4,2014
20141122,2014-11-22,Sat,22,47,Nov,4,2014
20141123,2014-11-23,Sun,23,48,Nov,4,2014
20141124,2014-11-24,Mon,24,48,Nov,4,2014
20141125,2014-11-25,Tue,25,48,Nov,4,2014
20141126,2014-11-26,Wed,26,48,Nov,4,2014
20141127,2014-11-27,Thu,27,48,Nov,4,2014
20141128,2014-11-28,Fri,28,48,Nov,4,2014
20141129,2014-11-29,Sat,29,48,Nov,4,2014
20141130,2014-11-30,Sun,30,49,Nov,4,2014
20141201,2014-12-01,Mon,1,49,Dec,4,2014
20141202,2014-12-02,Tue,2,49,Dec,4,2014
20141203,2014-12-03,Wed,3,49,Dec,4,2014
20141204,2014-12-04,Thu,4,49,Dec,4,2014
20141205,2014-12-05,Fri,5,49,Dec,4,2014
20141206,2014-12-06,Sat,6,49,Dec,4,2014
20141207,2014-12-07,Sun,7,50,Dec,4,2014
20141208,2014-12-08,Mon,8,50,Dec,4,2014
20141209,2014-12-09,Tue,9,50,Dec,4,2014
20141210,2014-12-10,Wed,10,50,Dec,4,2014
20141211,2014-12-11,Thu,11,50,Dec,4,2014
20141212,2014-12-12,Fri,12,50,Dec,4,2014
20141213,2014-12-13,Sat,13,50,Dec,4,2014
20141214,2014-12-14,Sun,14,51,Dec,4,2014
20141215,2014-12-15,Mon,15,51,Dec,4,2014
20141216,2014-12-16,Tue,16,51,Dec,4,2014
20141217,2014-12-17,Wed,17,51,Dec,4,2014
20141218,2014-12-18,Thu,18,51,Dec,4,2014
20141219,2014-12-19,Fri,19,51,Dec,4,2014
20141220,2014-12-20,Sat,20,51,Dec,4,2014
20141221,2014-12-21,Sun,21,52,Dec,4,2014
20141222,2014-12-22,Mon,22,52,Dec,4,2014
20141223,2014-12-23,Tue,23,52,Dec,4,2014
20141224,2014-12-24,Wed,24,52,Dec,4,2014
20141225,2014-12-25,Thu,25,52,Dec,4,2014
20141226,2014-12-26,Fri,26,52,Dec,4,2014
20141227,2014-12-27,Sat,27,52,Dec,4,2014
20141228,2014-12-28,Sun,28,53,Dec,4,2014
20141229,2014-12-29,Mon,29,53,Dec,4,2014
20141230,2014-12-30,Tue,30,53,Dec,4,2014
20141231,2014-12-31,Wed,31,53,Dec,4,2014
